Date,Open,High,Low,Close,Adj Close,Volume
2019-01-02,17.389999389648438,19.114999771118164,17.364999771118164,18.78499984741211,18.771549224853516,67916400
2019-01-03,17.989999771118164,18.204999923706055,16.815000534057617,16.96500015258789,16.952852249145508,82627600
2019-01-04,17.774999618530273,19.3799991607666,17.584999084472656,19.135000228881836,19.12129783630371,68241000
2019-01-07,19.235000610351562,20.075000762939453,19.065000534057617,19.7450008392334,19.73086166381836,53276600
2019-01-08,20.344999313354492,20.55500030517578,19.450000762939453,20.315000534057617,20.300453186035156,52905600
2019-01-09,20.559999465942383,21.084999084472656,20.299999237060547,20.795000076293945,20.780109405517578,44524600
2019-01-10,20.31999969482422,21.014999389648438,19.979999542236328,20.9950008392334,20.97996711730957,43782800
2019-01-11,20.6200008392334,20.815000534057617,20.405000686645508,20.7450008392334,20.730146408081055,30201200
2019-01-14,20.21500015258789,20.469999313354492,19.93000030517578,20.204999923706055,20.190532684326172,27845800
2019-01-15,20.469999313354492,21.459999084472656,20.43000030517578,21.325000762939453,21.309730529785156,36281400
2019-01-16,21.485000610351562,21.93000030517578,21.34000015258789,21.354999542236328,21.33970832824707,33973200
2019-01-17,21.149999618530273,22.135000228881836,21.030000686645508,21.854999542236328,21.8393497467041,35510000
2019-01-18,22.360000610351562,22.80500030517578,21.924999237060547,22.454999923706055,22.438920974731445,41727200
2019-01-22,22.0049991607666,22.040000915527344,20.65999984741211,21.21500015258789,21.199810028076172,45433600
2019-01-23,21.475000381469727,21.75,20.510000228881836,21.235000610351562,21.21979522705078,41523400
2019-01-24,21.40999984741211,21.709999084472656,21.170000076293945,21.610000610351562,21.594526290893555,32028800
2019-01-25,22.1299991607666,22.584999084472656,21.90999984741211,22.3799991607666,22.36397361755371,34878400
2019-01-28,21.5049991607666,21.55500030517578,21.0049991607666,21.55500030517578,21.53956413269043,35089800
2019-01-29,21.594999313354492,21.604999542236328,20.71500015258789,20.94499969482422,20.930002212524414,30632600
2019-01-30,21.649999618530273,22.760000228881836,21.44499969482422,22.514999389648438,22.498876571655273,43956000
2019-01-31,22.90999984741211,23.860000610351562,22.84000015258789,23.5049991607666,23.488168716430664,40143800
2019-02-01,23.170000076293945,23.709999084472656,23.030000686645508,23.204999923706055,23.188383102416992,35390400
2019-02-04,23.235000610351562,24.079999923706055,23.170000076293945,24.05500030517578,24.03777503967285,27744200
2019-02-05,24.184999465942383,24.799999237060547,24.149999618530273,24.690000534057617,24.672319412231445,32229200
2019-02-06,24.739999771118164,24.864999771118164,24.15999984741211,24.4950008392334,24.477460861206055,36355000
2019-02-07,23.834999084472656,24.014999389648438,22.94499969482422,23.4950008392334,23.478178024291992,52448400
2019-02-08,22.854999542236328,23.625,22.799999237060547,23.614999771118164,23.59808921813965,36180600
2019-02-11,23.885000228881836,24.05500030517578,23.3799991607666,23.559999465942383,23.543128967285156,30299200
2019-02-12,24.065000534057617,24.69499969482422,23.94499969482422,24.579999923706055,24.56239891052246,32056600
2019-02-13,24.93000030517578,25.139999389648438,24.559999465942383,24.6299991607666,24.612363815307617,31902400
2019-02-14,24.350000381469727,24.975000381469727,24.110000610351562,24.719999313354492,24.70229721069336,38342400
2019-02-15,25.2549991607666,25.260000228881836,24.68000030517578,25.014999389648438,24.997087478637695,35624000
2019-02-19,24.780000686645508,25.395000457763672,24.780000686645508,25.165000915527344,25.14698028564453,25893200
2019-02-20,25.225000381469727,25.514999389648438,24.7450008392334,25.145000457763672,25.126995086669922,42766400
2019-02-21,24.934999465942383,25.145000457763672,24.46500015258789,24.860000610351562,24.842199325561523,32123400
2019-02-22,25.030000686645508,25.459999084472656,24.985000610351562,25.399999618530273,25.381811141967773,29909400
2019-02-25,26.0049991607666,26.190000534057617,25.6299991607666,25.68000030517578,25.661611557006836,31025600
2019-02-26,25.479999542236328,26.0,25.360000610351562,25.760000228881836,25.741552352905273,26339200
2019-02-27,25.415000915527344,25.790000915527344,24.895000457763672,25.68000030517578,25.661611557006836,28961000
2019-02-28,25.454999923706055,25.790000915527344,25.299999237060547,25.520000457763672,25.501726150512695,23015800
2019-03-01,26.059999465942383,26.145000457763672,25.510000228881836,26.030000686645508,26.01136016845703,35039200
2019-03-04,26.485000610351562,26.665000915527344,25.174999237060547,26.03499984741211,26.016355514526367,53272000
2019-03-05,26.09000015258789,26.34000015258789,25.709999084472656,26.100000381469727,26.081310272216797,25087200
2019-03-06,26.165000915527344,26.190000534057617,25.530000686645508,25.649999618530273,25.63163185119629,30867200
2019-03-07,25.440000534057617,25.469999313354492,24.415000915527344,24.71500015258789,24.697301864624023,42326600
2019-03-08,23.8700008392334,24.610000610351562,23.780000686645508,24.575000762939453,24.557403564453125,43734200
2019-03-11,24.864999771118164,26.155000686645508,24.864999771118164,26.110000610351562,26.0913028717041,32117000
2019-03-12,26.315000534057617,26.735000610351562,26.125,26.53499984741211,26.51599884033203,37901600
2019-03-13,26.934999465942383,27.545000076293945,26.829999923706055,27.110000610351562,27.090587615966797,36282400
2019-03-14,27.15999984741211,27.260000228881836,26.950000762939453,26.989999771118164,26.970672607421875,23860800
2019-03-15,27.30500030517578,27.969999313354492,27.229999542236328,27.65999984741211,27.64019203186035,34711400
2019-03-18,27.684999465942383,28.170000076293945,27.520000457763672,27.90999984741211,27.8900146484375,37248600
2019-03-19,28.270000457763672,28.639999389648438,27.844999313354492,28.190000534057617,28.169815063476562,41095200
2019-03-20,28.174999237060547,29.024999618530273,27.795000076293945,28.5049991607666,28.494693756103516,45880600
2019-03-21,28.239999771118164,29.950000762939453,28.225000381469727,29.825000762939453,29.814218521118164,37989400
2019-03-22,29.434999465942383,29.674999237060547,27.770000457763672,27.875,27.86492347717285,66900400
2019-03-25,27.530000686645508,27.985000610351562,27.09000015258789,27.700000762939453,27.689987182617188,52592400
2019-03-26,28.344999313354492,28.84000015258789,27.655000686645508,28.079999923706055,28.069849014282227,43968000
2019-03-27,28.19499969482422,28.389999389648438,26.924999237060547,27.530000686645508,27.520048141479492,44202600
2019-03-28,27.735000610351562,28.014999389648438,27.21500015258789,27.704999923706055,27.694984436035156,32109400
2019-03-29,28.315000534057617,28.40999984741211,27.84000015258789,28.329999923706055,28.319759368896484,31745000
2019-04-01,29.149999618530273,29.549999237060547,28.850000381469727,29.44499969482422,29.434354782104492,30591200
2019-04-02,29.545000076293945,29.860000610351562,29.315000534057617,29.770000457763672,29.759239196777344,26682200
2019-04-03,30.270000457763672,30.844999313354492,30.0049991607666,30.28499984741211,30.274051666259766,37846000
2019-04-04,30.290000915527344,30.639999389648438,29.71500015258789,30.239999771118164,30.229068756103516,35905200
2019-04-05,30.530000686645508,30.75,30.389999389648438,30.69499969482422,30.683902740478516,26163600
2019-04-08,30.540000915527344,30.9950008392334,30.18000030517578,30.934999465942383,30.923816680908203,25865000
2019-04-09,30.6200008392334,30.915000915527344,30.399999618530273,30.594999313354492,30.583938598632812,26030400
2019-04-10,30.729999542236328,31.110000610351562,30.614999771118164,31.09000015258789,31.078760147094727,24811000
2019-04-11,31.204999923706055,31.21500015258789,30.68000030517578,30.854999542236328,30.84384536743164,27942600
2019-04-12,31.25,31.299999237060547,30.864999771118164,31.235000610351562,31.223709106445312,23807000
2019-04-15,31.235000610351562,31.360000610351562,30.6299991607666,31.260000228881836,31.248699188232422,20842400
2019-04-16,31.575000762939453,31.774999618530273,31.295000076293945,31.565000534057617,31.5535888671875,23571800
2019-04-17,32.18000030517578,32.279998779296875,31.604999542236328,31.8799991607666,31.86847496032715,28605600
2019-04-18,32.040000915527344,32.05500030517578,31.434999465942383,31.979999542236328,31.96843910217285,22975800
2019-04-22,31.575000762939453,32.29499816894531,31.5,32.25,32.23834228515625,18939200
2019-04-23,32.505001068115234,33.599998474121094,32.3650016784668,33.474998474121094,33.46289825439453,26238600
2019-04-24,33.54999923706055,33.689998626708984,33.1349983215332,33.150001525878906,33.13801956176758,23768800
2019-04-25,33.8849983215332,33.92499923706055,33.01499938964844,33.52000045776367,33.50788116455078,29922600
2019-04-26,33.404998779296875,33.650001525878906,32.54999923706055,33.63999938964844,33.627838134765625,27629200
2019-04-29,33.630001068115234,33.98500061035156,33.470001220703125,33.81999969482422,33.80777359008789,20949400
2019-04-30,33.0,33.20500183105469,32.334999084472656,33.04499816894531,33.033050537109375,31898800
2019-05-01,33.65999984741211,33.95500183105469,32.630001068115234,32.665000915527344,32.65319061279297,31479000
2019-05-02,32.67499923706055,33.165000915527344,31.625,32.26499938964844,32.253334045410156,35322200
2019-05-03,33.06999969482422,33.875,32.89500045776367,33.78499984741211,33.77278518676758,27222400
2019-05-06,31.655000686645508,33.310001373291016,31.479999542236328,33.18000030517578,33.168006896972656,40428800
2019-05-07,32.10499954223633,32.5099983215332,30.31999969482422,31.25,31.23870277404785,59382400
2019-05-08,30.934999465942383,31.69499969482422,30.594999313354492,30.975000381469727,30.963802337646484,40309400
2019-05-09,29.979999542236328,30.795000076293945,29.135000228881836,30.485000610351562,30.473979949951172,55104400
2019-05-10,30.1200008392334,31.014999389648438,28.6200008392334,30.56999969482422,30.558948516845703,56964600
2019-05-13,28.239999771118164,28.71500015258789,27.135000228881836,27.40999984741211,27.40009117126465,58730200
2019-05-14,27.809999465942383,28.790000915527344,27.514999389648438,28.270000457763672,28.259780883789062,35048000
2019-05-15,27.729999542236328,29.69499969482422,27.69499969482422,29.44499969482422,29.434354782104492,44040000
2019-05-16,29.5,30.90999984741211,29.405000686645508,30.364999771118164,30.354022979736328,43506600
2019-05-17,29.44499969482422,30.670000076293945,29.334999084472656,29.420000076293945,29.409364700317383,45627600
2019-05-20,28.190000534057617,28.514999389648438,27.625,27.94499969482422,27.934898376464844,46092200
2019-05-21,28.635000228881836,29.020000457763672,28.364999771118164,28.78499984741211,28.774593353271484,28621800
2019-05-22,28.290000915527344,28.889999389648438,28.280000686645508,28.40999984741211,28.399728775024414,32228200
2019-05-23,27.43000030517578,27.440000534057617,26.55500030517578,27.06999969482422,27.060213088989258,51920200
2019-05-24,27.53499984741211,27.799999237060547,26.940000534057617,27.030000686645508,27.02022933959961,34306400
2019-05-28,27.270000457763672,27.704999923706055,26.71500015258789,26.739999771118164,26.73033332824707,29225800
2019-05-29,26.2450008392334,26.5,25.6299991607666,26.06999969482422,26.060575485229492,44480400
2019-05-30,26.264999389648438,26.59000015258789,25.920000076293945,26.3799991607666,26.37046241760254,34107000
2019-05-31,25.434999465942383,25.704999923706055,25.06999969482422,25.110000610351562,25.100923538208008,35150200
2019-06-03,24.90999984741211,25.100000381469727,23.065000534057617,23.5049991607666,23.496501922607422,60453200
2019-06-04,24.200000762939453,25.440000534057617,23.954999923706055,25.40999984741211,25.400814056396484,40967400
2019-06-05,26.145000457763672,26.15999984741211,25.184999465942383,25.969999313354492,25.96061134338379,38079200
2019-06-06,26.100000381469727,26.774999618530273,25.7549991607666,26.56999969482422,26.560394287109375,25075600
2019-06-07,27.0,28.459999084472656,26.90999984741211,28.084999084472656,28.074846267700195,37887000
2019-06-10,28.68000030517578,29.90999984741211,28.68000030517578,29.110000610351562,29.099477767944336,45818000
2019-06-11,30.030000686645508,30.184999465942383,28.924999237060547,29.219999313354492,29.209436416625977,34361800
2019-06-12,28.96500015258789,29.149999618530273,28.549999237060547,28.725000381469727,28.714616775512695,27544000
2019-06-13,29.065000534057617,29.415000915527344,28.889999389648438,29.19499969482422,29.184446334838867,24639800
2019-06-14,28.735000610351562,29.049999237060547,28.4950008392334,28.815000534057617,28.804584503173828,19286200
2019-06-17,28.9950008392334,29.584999084472656,28.920000076293945,29.34000015258789,29.32939338684082,18762600
2019-06-18,30.375,31.2450008392334,30.155000686645508,30.610000610351562,30.598934173583984,35457400
2019-06-19,30.764999389648438,31.18000030517578,30.200000762939453,30.969999313354492,30.958803176879883,34244800
2019-06-20,32.244998931884766,32.26499938964844,31.114999771118164,31.81999969482422,31.808496475219727,29838800
2019-06-21,31.655000686645508,32.27000045776367,31.475000381469727,31.674999237060547,31.663549423217773,26161600
2019-06-24,31.844999313354492,31.94499969482422,31.604999542236328,31.665000915527344,31.653553009033203,17234600
2019-06-25,31.59000015258789,31.639999389648438,29.889999389648438,30.045000076293945,30.03413963317871,34905800
2019-06-26,30.610000610351562,31.190000534057617,30.299999237060547,30.424999237060547,30.41400146484375,23528800
2019-06-27,30.7549991607666,30.9950008392334,30.524999618530273,30.7549991607666,30.743881225585938,18817600
2019-06-28,30.989999771118164,31.094999313354492,30.55500030517578,30.885000228881836,30.87383460998535,24733200
2019-07-01,32.650001525878906,32.775001525878906,31.69499969482422,32.1150016784668,32.1033935546875,36205200
2019-07-02,32.08000183105469,32.505001068115234,31.81999969482422,32.505001068115234,32.49325180053711,20312200
2019-07-03,32.709999084472656,33.224998474121094,32.630001068115234,33.224998474121094,33.21298599243164,16781800
2019-07-05,32.54499816894531,33.19499969482422,32.154998779296875,33.0099983215332,32.99806594848633,29211200
2019-07-08,32.39500045776367,32.400001525878906,31.90999984741211,32.314998626708984,32.30331802368164,26446800
2019-07-09,31.834999084472656,32.90999984741211,31.764999389648438,32.79999923706055,32.788143157958984,22148800
2019-07-10,33.400001525878906,34.04499816894531,33.20000076293945,33.77000045776367,33.75779342651367,38527400
2019-07-11,33.935001373291016,34.150001525878906,33.35499954223633,33.68000030517578,33.667823791503906,31962400
2019-07-12,33.775001525878906,34.255001068115234,33.689998626708984,34.244998931884766,34.23262023925781,22298200
2019-07-15,34.47999954223633,34.595001220703125,34.20500183105469,34.53499984741211,34.52251434326172,18348600
2019-07-16,34.42499923706055,34.540000915527344,33.720001220703125,34.04499816894531,34.032691955566406,27998000
2019-07-17,34.060001373291016,34.21500015258789,33.52000045776367,33.540000915527344,33.52787780761719,23127000
2019-07-18,33.04499816894531,33.83000183105469,32.71500015258789,33.685001373291016,33.67282485961914,33892000
2019-07-19,34.349998474121094,34.349998474121094,32.78499984741211,32.869998931884766,32.858116149902344,35194800
2019-07-22,33.119998931884766,33.8650016784668,33.11000061035156,33.64500045776367,33.63283920288086,23876600
2019-07-23,34.20500183105469,34.310001373291016,33.52000045776367,34.29499816894531,34.28260040283203,29012400
2019-07-24,33.91999816894531,35.025001525878906,33.900001525878906,35.025001525878906,35.0123405456543,27311200
2019-07-25,34.66999816894531,34.67499923706055,33.81999969482422,34.025001525878906,34.01270294189453,37518800
2019-07-26,34.650001525878906,35.19499969482422,34.61000061035156,35.03499984741211,35.022335052490234,27869600
2019-07-29,34.97999954223633,34.97999954223633,34.03499984741211,34.709999084472656,34.697452545166016,28318800
2019-07-30,33.90999984741211,34.63999938964844,33.83000183105469,34.244998931884766,34.23262023925781,27876000
2019-07-31,34.51499938964844,34.57500076293945,31.850000381469727,32.79999923706055,32.788143157958984,49085200
2019-08-01,32.97999954223633,34.79999923706055,31.81999969482422,32.34000015258789,32.32830810546875,74596200
2019-08-02,31.600000381469727,31.71500015258789,30.299999237060547,30.860000610351562,30.848844528198242,61730000
2019-08-05,28.969999313354492,28.969999313354492,26.84000015258789,27.6200008392334,27.610015869140625,75621200
2019-08-06,28.360000610351562,28.989999771118164,27.75,28.7549991607666,28.744604110717773,53385200
2019-08-07,27.80500030517578,29.315000534057617,27.149999618530273,29.174999237060547,29.164451599121094,76977200
2019-08-08,29.6200008392334,31.114999771118164,29.344999313354492,31.104999542236328,31.0937557220459,54764000
2019-08-09,30.6299991607666,30.959999084472656,29.485000610351562,30.184999465942383,30.174087524414062,55341600
2019-08-12,29.639999389648438,29.915000915527344,28.760000228881836,29.174999237060547,29.164451599121094,53327800
2019-08-13,29.1200008392334,31.69499969482422,29.0,31.09000015258789,31.078760147094727,59814800
2019-08-14,29.575000762939453,29.8700008392334,28.1299991607666,28.30500030517578,28.294767379760742,76232600
2019-08-15,28.450000762939453,28.65999984741211,27.53499984741211,28.184999465942383,28.1748104095459,52234800
2019-08-16,28.889999389648438,29.7450008392334,28.889999389648438,29.485000610351562,29.474342346191406,41101400
2019-08-19,30.735000610351562,31.1200008392334,30.485000610351562,30.864999771118164,30.85384178161621,30011000
2019-08-20,30.704999923706055,31.024999618530273,30.204999923706055,30.229999542236328,30.219070434570312,31316000
2019-08-21,31.014999389648438,31.295000076293945,30.684999465942383,31.0,30.988794326782227,25370400
2019-08-22,31.18000030517578,31.395000457763672,29.96500015258789,30.700000762939453,30.688901901245117,38157400
2019-08-23,30.065000534057617,30.899999618530273,27.540000915527344,27.889999389648438,27.87991714477539,75587600
2019-08-26,28.7450008392334,29.030000686645508,28.229999542236328,29.020000457763672,29.009510040283203,36646400
2019-08-27,29.625,29.780000686645508,28.5,28.844999313354492,28.834571838378906,38644800
2019-08-28,28.55500030517578,29.28499984741211,28.125,29.135000228881836,29.124467849731445,31956200
2019-08-29,30.209999084472656,30.71500015258789,29.8700008392334,30.459999084472656,30.44898796081543,35380800
2019-08-30,30.959999084472656,30.96500015258789,29.729999542236328,30.2450008392334,30.234067916870117,34025800
2019-09-03,29.645000457763672,30.09000015258789,29.05500030517578,29.364999771118164,29.35438346862793,32196400
2019-09-04,30.190000534057617,30.684999465942383,29.959999084472656,30.600000381469727,30.588937759399414,25116200
2019-09-05,31.610000610351562,32.55500030517578,31.559999465942383,32.290000915527344,32.27832794189453,31686000
2019-09-06,32.42499923706055,32.47999954223633,31.979999542236328,32.20000076293945,32.18836212158203,28759600
2019-09-09,32.48500061035156,32.53499984741211,31.485000610351562,31.9950008392334,31.983434677124023,28078200
2019-09-10,31.469999313354492,31.739999771118164,30.84000015258789,31.729999542236328,31.718528747558594,34191400
2019-09-11,31.875,32.64500045776367,31.665000915527344,32.584999084472656,32.573219299316406,27850200
2019-09-12,33.189998626708984,33.7400016784668,32.845001220703125,32.9900016784668,32.97807693481445,34982800
2019-09-13,32.849998474121094,33.06999969482422,32.5,32.63999938964844,32.62820053100586,26902600
2019-09-16,31.9950008392334,32.38999938964844,31.899999618530273,32.189998626708984,32.17835998535156,24281000
2019-09-17,32.18000030517578,32.64500045776367,31.989999771118164,32.6150016784668,32.60321044921875,22699000
2019-09-18,32.43000030517578,32.6349983215332,31.375,32.595001220703125,32.58321762084961,35515800
2019-09-19,32.76499938964844,33.345001220703125,32.54999923706055,32.7400016784668,32.72816467285156,33192600
2019-09-20,32.880001068115234,32.974998474121094,31.3700008392334,31.709999084472656,31.698535919189453,30878200
2019-09-23,31.639999389648438,32.02000045776367,31.350000381469727,31.739999771118164,31.728525161743164,22352400
2019-09-24,32.17499923706055,32.369998931884766,30.06999969482422,30.485000610351562,30.473979949951172,50941400
2019-09-25,30.3799991607666,31.719999313354492,29.614999771118164,31.459999084472656,31.448625564575195,38076000
2019-09-26,31.364999771118164,31.43000030517578,30.43000030517578,31.145000457763672,31.13374137878418,34053600
2019-09-27,31.274999618530273,31.325000762939453,29.329999923706055,30.014999389648438,30.004148483276367,47123000
2019-09-30,30.299999237060547,30.959999084472656,30.139999389648438,30.815000534057617,30.803861618041992,29275800
2019-10-01,31.15999984741211,31.674999237060547,29.90999984741211,30.06999969482422,30.05912971496582,39613600
2019-10-02,29.46500015258789,29.46500015258789,28.010000228881836,28.530000686645508,28.51968765258789,67706000
2019-10-03,28.510000228881836,29.485000610351562,27.454999923706055,29.469999313354492,29.459346771240234,60130400
2019-10-04,29.854999542236328,30.84000015258789,29.795000076293945,30.709999084472656,30.698896408081055,42244400
2019-10-07,30.43000030517578,31.165000915527344,30.270000457763672,30.424999237060547,30.41400146484375,40632600
2019-10-08,29.81999969482422,30.239999771118164,29.0,29.040000915527344,29.029502868652344,58851400
2019-10-09,29.799999237060547,30.30500030517578,29.530000686645508,29.920000076293945,29.909183502197266,38067400
2019-10-10,29.924999237060547,30.934999465942383,29.84000015258789,30.575000762939453,30.563947677612305,44059800
2019-10-11,31.610000610351562,32.5,31.56999969482422,31.719999313354492,31.708532333374023,55627400
2019-10-14,31.625,32.05500030517578,31.530000686645508,31.7549991607666,31.743518829345703,22873400
2019-10-15,32.040000915527344,33.17499923706055,31.985000610351562,32.959999084472656,32.94808578491211,35180400
2019-10-16,32.61000061035156,32.95500183105469,32.39500045776367,32.71500015258789,32.70317459106445,29298400
2019-10-17,33.279998779296875,33.43000030517578,32.56999969482422,32.939998626708984,32.9280891418457,30459800
2019-10-18,32.810001373291016,33.01499938964844,31.4950008392334,31.9950008392334,31.983434677124023,38611000
2019-10-21,32.51499938964844,32.90999984741211,32.21500015258789,32.84000015258789,32.828128814697266,23544000
2019-10-22,33.18000030517578,33.3650016784668,32.040000915527344,32.08000183105469,32.06840515136719,31255800
2019-10-23,31.854999542236328,32.255001068115234,31.700000762939453,32.22999954223633,32.21834945678711,24226400
2019-10-24,32.935001373291016,33.220001220703125,32.48500061035156,33.154998779296875,33.14301300048828,30621200
2019-10-25,32.64500045776367,33.994998931884766,32.625,33.90999984741211,33.89773941040039,32294400
2019-10-28,34.43000030517578,35.084999084472656,34.43000030517578,34.94499969482422,34.93236541748047,27899000
2019-10-29,34.775001525878906,34.92499923706055,34.1150016784668,34.13999938964844,34.12765884399414,26757000
2019-10-30,34.31999969482422,34.790000915527344,33.73500061035156,34.619998931884766,34.60748291015625,29746200
2019-10-31,34.8849983215332,34.959999084472656,34.05500030517578,34.64500045776367,34.632476806640625,30824000
2019-11-01,35.10499954223633,35.595001220703125,34.94499969482422,35.584999084472656,35.57213592529297,28763200
2019-11-04,36.30500030517578,36.48500061035156,36.060001373291016,36.220001220703125,36.2069091796875,24981600
2019-11-05,36.3849983215332,36.4900016784668,35.94499969482422,36.26499938964844,36.251888275146484,25807400
2019-11-06,36.17499923706055,36.189998626708984,35.525001525878906,36.03499984741211,36.02197265625,28832400
2019-11-07,36.60499954223633,37.099998474121094,36.084999084472656,36.400001525878906,36.386844635009766,31429800
2019-11-08,36.185001373291016,36.845001220703125,35.915000915527344,36.83000183105469,36.816688537597656,20401800
2019-11-11,36.28499984741211,36.72999954223633,36.125,36.67499923706055,36.661739349365234,19023200
2019-11-12,36.7599983215332,37.36000061035156,36.599998474121094,36.974998474121094,36.961631774902344,32173000
2019-11-13,36.6150016784668,37.1150016784668,36.529998779296875,36.91999816894531,36.90665054321289,27939600
2019-11-14,36.595001220703125,36.98500061035156,36.255001068115234,36.90999984741211,36.89665603637695,26662800
2019-11-15,37.55500030517578,37.66999816894531,37.22999954223633,37.60499954223633,37.59140396118164,22646600
2019-11-18,37.55500030517578,37.9900016784668,37.09000015258789,37.79999923706055,37.78633499145508,24174000
2019-11-19,38.23500061035156,38.23500061035156,37.54499816894531,37.95500183105469,37.941280364990234,28030000
2019-11-20,37.67499923706055,38.01499938964844,36.40999984741211,37.290000915527344,37.276519775390625,37595000
2019-11-21,37.15999984741211,37.224998474121094,36.67499923706055,37.0,36.98662567138672,22664800
2019-11-22,37.279998779296875,37.35499954223633,36.48500061035156,37.099998474121094,37.086585998535156,20917000
2019-11-25,37.560001373291016,38.40999984741211,37.54999923706055,38.3849983215332,38.37112045288086,20019600
2019-11-26,38.45500183105469,38.755001068115234,38.29999923706055,38.6150016784668,38.601043701171875,20922600
2019-11-27,38.88999938964844,39.40999984741211,38.7599983215332,39.39500045776367,39.380760192871094,20389200
2019-11-29,39.10499954223633,39.28499984741211,38.79999923706055,38.869998931884766,38.8559455871582,13449000
2019-12-02,38.869998931884766,38.89500045776367,37.01499938964844,37.619998931884766,37.60639953613281,37953800
2019-12-03,36.150001525878906,36.814998626708984,35.55500030517578,36.775001525878906,36.7617073059082,39013000
2019-12-04,37.345001220703125,37.584999084472656,37.16999816894531,37.31999969482422,37.3065071105957,21914800
2019-12-05,37.709999084472656,37.71500015258789,36.98500061035156,37.51499938964844,37.50143814086914,22270200
2019-12-06,38.34000015258789,38.810001373291016,38.27000045776367,38.67499923706055,38.66101837158203,23235400
2019-12-09,38.54499816894531,39.064998626708984,38.15999984741211,38.20000076293945,38.18619155883789,19482200
2019-12-10,38.224998474121094,38.63999938964844,37.84000015258789,38.1150016784668,38.10122299194336,28012000
2019-12-11,38.34000015258789,38.814998626708984,38.18000030517578,38.689998626708984,38.6760139465332,22649000
2019-12-12,38.564998626708984,40.0,38.40999984741211,39.57500076293945,39.56069564819336,45791000
2019-12-13,39.47999954223633,40.36000061035156,39.22999954223633,39.93000030517578,39.915565490722656,40249000
2019-12-16,40.709999084472656,41.28499984741211,40.68000030517578,41.07500076293945,41.06015396118164,24847000
2019-12-17,41.28499984741211,41.39500045776367,41.0,41.130001068115234,41.11513137817383,21137200
2019-12-18,41.32500076293945,41.63999938964844,41.16999816894531,41.224998474121094,41.2100944519043,17852000
2019-12-19,41.33000183105469,42.09000015258789,41.33000183105469,42.064998626708984,42.0497932434082,20846200
2019-12-20,42.6150016784668,42.7599983215332,42.29999923706055,42.564998626708984,42.54961013793945,24887000
2019-12-23,43.0099983215332,43.09000015258789,42.78499984741211,42.880001068115234,42.864498138427734,18106800
2019-12-24,42.974998474121094,43.03499984741211,42.625,42.91999816894531,42.91999816894531,9974600
2019-12-26,43.1150016784668,44.05500030517578,43.1150016784668,44.03499984741211,44.03499984741211,16064600
2019-12-27,44.505001068115234,44.529998779296875,43.57500076293945,43.904998779296875,43.904998779296875,24937600
2019-12-30,43.8650016784668,43.93000030517578,42.400001525878906,43.029998779296875,43.029998779296875,28226400
2019-12-31,42.650001525878906,43.380001068115234,42.43000030517578,43.275001525878906,43.275001525878906,21095000
2020-01-02,44.35499954223633,45.41999816894531,44.11000061035156,45.41999816894531,45.41999816894531,32768000
2020-01-03,43.64500045776367,45.0,43.619998931884766,44.185001373291016,44.185001373291016,36295000
2020-01-06,43.1349983215332,45.040000915527344,42.974998474121094,45.025001525878906,45.025001525878906,32023800
2020-01-07,45.06999969482422,45.38999938964844,44.58000183105469,44.970001220703125,44.970001220703125,26924800
2020-01-08,44.97999954223633,46.63999938964844,44.76499938964844,46.005001068115234,46.005001068115234,39791200
2020-01-09,47.1150016784668,47.43000030517578,46.36000061035156,47.165000915527344,47.165000915527344,36355800
2020-01-10,47.69499969482422,47.73500061035156,46.564998626708984,46.779998779296875,46.779998779296875,34401000
2020-01-13,47.3650016784668,48.439998626708984,47.154998779296875,48.415000915527344,48.415000915527344,29139600
2020-01-14,48.290000915527344,48.57500076293945,47.61000061035156,47.849998474121094,47.849998474121094,36434400
2020-01-15,47.88999938964844,48.564998626708984,47.40999984741211,47.880001068115234,47.880001068115234,33250800
2020-01-16,48.55500030517578,49.244998931884766,48.26499938964844,49.21500015258789,49.21500015258789,30275200
2020-01-17,49.85499954223633,50.06999969482422,49.130001068115234,49.95000076293945,49.95000076293945,36100600
2020-01-21,49.51499938964844,50.255001068115234,49.47999954223633,49.92499923706055,49.92499923706055,34720600
2020-01-22,50.6150016784668,51.14500045776367,50.09000015258789,50.26499938964844,50.26499938964844,34037200
2020-01-23,50.165000915527344,50.79499816894531,49.48500061035156,50.72999954223633,50.72999954223633,35897200
2020-01-24,51.45000076293945,51.60499954223633,48.755001068115234,49.415000915527344,49.415000915527344,59843600
2020-01-27,46.125,47.17499923706055,45.09000015258789,46.36000061035156,46.36000061035156,49656600
2020-01-28,47.32500076293945,48.834999084472656,46.9900016784668,48.51499938964844,48.51499938964844,42965600
2020-01-29,49.314998626708984,49.47999954223633,48.09000015258789,48.689998626708984,48.689998626708984,34469400
2020-01-30,47.79999923706055,49.29999923706055,47.32500076293945,49.2400016784668,49.2400016784668,50062400
2020-01-31,49.84000015258789,49.875,46.375,46.81999969482422,46.81999969482422,55096000
2020-02-03,47.55500030517578,49.33000183105469,47.46500015258789,48.970001220703125,48.970001220703125,43422000
2020-02-04,51.0,52.625,50.5099983215332,52.314998626708984,52.314998626708984,35062200
2020-02-05,54.279998779296875,54.290000915527344,51.94499969482422,52.91999816894531,52.91999816894531,43653000
2020-02-06,53.255001068115234,54.27000045776367,52.70500183105469,54.209999084472656,54.209999084472656,28283200
2020-02-07,53.4900016784668,54.404998779296875,53.060001373291016,53.5099983215332,53.5099983215332,38513000
2020-02-10,52.9900016784668,55.45500183105469,52.95000076293945,55.439998626708984,55.439998626708984,30812200
2020-02-11,56.349998474121094,56.935001373291016,55.040000915527344,55.47999954223633,55.47999954223633,48442600
2020-02-12,56.44499969482422,57.17499923706055,56.04999923706055,57.10499954223633,57.10499954223633,30402000
2020-02-13,55.89500045776367,57.54999923706055,55.689998626708984,56.8849983215332,56.8849983215332,38820600
2020-02-14,57.11000061035156,57.494998931884766,56.540000915527344,57.27000045776367,57.27000045776367,28492400
2020-02-18,56.459999084472656,57.71500015258789,56.29499816894531,57.369998931884766,57.369998931884766,32541800
2020-02-19,58.404998779296875,59.400001525878906,58.20000076293945,59.029998779296875,59.029998779296875,26406800
2020-02-20,58.650001525878906,58.9900016784668,55.19499969482422,57.349998474121094,57.349998474121094,56914400
2020-02-21,56.529998779296875,56.790000915527344,53.3650016784668,54.06999969482422,54.06999969482422,51776800
2020-02-24,48.13999938964844,49.790000915527344,46.814998626708984,47.84000015258789,47.84000015258789,67418600
2020-02-25,48.96500015258789,49.45500183105469,43.470001220703125,43.970001220703125,43.970001220703125,75198400
2020-02-26,44.63999938964844,46.8650016784668,43.57500076293945,44.57500076293945,44.57500076293945,83934000
2020-02-27,41.150001525878906,43.20500183105469,37.790000915527344,37.90999984741211,37.90999984741211,106279000
2020-02-28,34.20500183105469,38.71500015258789,33.75,38.5,38.5,123555600
2020-03-02,39.6349983215332,43.869998931884766,37.98500061035156,43.755001068115234,43.755001068115234,90879600
2020-03-03,44.185001373291016,45.75,38.439998626708984,39.6349983215332,39.6349983215332,137031600
2020-03-04,41.77000045776367,44.57500076293945,40.650001525878906,44.44499969482422,44.44499969482422,78956800
2020-03-05,41.119998931884766,43.380001068115234,39.54499816894531,40.54499816894531,40.54499816894531,96743000
2020-03-06,36.3650016784668,39.040000915527344,35.5,38.41999816894531,38.41999816894531,98379800
2020-03-09,30.764999389648438,34.57500076293945,30.5,30.614999771118164,30.614999771118164,101741200
2020-03-10,33.9900016784668,35.46500015258789,30.5,35.380001068115234,35.380001068115234,114063200
2020-03-11,32.88999938964844,33.6150016784668,29.5,30.829999923706055,30.829999923706055,107732000
2020-03-12,24.75,28.75,22.200000762939453,22.3799991607666,22.3799991607666,154556400
2020-03-13,26.1200008392334,28.655000686645508,22.530000686645508,28.420000076293945,28.420000076293945,139072600
2020-03-16,20.229999542236328,24.299999237060547,18.4950008392334,18.625,18.625,164572600
2020-03-17,19.690000534057617,22.56999969482422,17.875,21.65999984741211,21.65999984741211,190505200
2020-03-18,18.149999618530273,20.75,16.364999771118164,19.655000686645508,19.655000686645508,212249800
2020-03-19,19.424999237060547,22.040000915527344,18.0,20.110000610351562,20.110000610351562,201202200
2020-03-20,21.4950008392334,21.899999618530273,17.549999237060547,17.7549991607666,17.7549991607666,195563800
2020-03-23,17.96500015258789,19.0,16.135000228881836,17.809999465942383,17.809999465942383,205018400
2020-03-24,20.614999771118164,21.8700008392334,20.065000534057617,21.780000686645508,21.780000686645508,207456000
2020-03-25,22.100000381469727,23.920000076293945,20.540000915527344,21.274999618530273,21.274999618530273,208718600
2020-03-26,21.915000915527344,25.0,21.834999084472656,24.739999771118164,24.739999771118164,162310000
2020-03-27,22.815000534057617,24.165000915527344,21.895000457763672,22.170000076293945,22.170000076293945,139285800
2020-03-30,22.790000915527344,24.690000534057617,22.5,24.5,24.5,104155400
2020-03-31,24.30500030517578,25.764999389648438,23.43000030517578,23.81999969482422,23.81999969482422,182976000
2020-04-01,21.799999237060547,22.860000610351562,20.309999465942383,20.864999771118164,20.864999771118164,133897400
2020-04-02,20.600000381469727,22.170000076293945,20.385000228881836,22.100000381469727,22.100000381469727,116882800
2020-04-03,21.93000030517578,22.489999771118164,20.43000030517578,21.209999084472656,21.209999084472656,138621000
2020-04-06,23.55500030517578,26.094999313354492,23.18000030517578,25.649999618530273,25.649999618530273,129654200
2020-04-07,27.950000762939453,28.145000457763672,25.5,25.600000381469727,25.600000381469727,164502400
2020-04-08,26.344999313354492,27.5,25.639999389648438,27.235000610351562,27.235000610351562,129545000
2020-04-09,27.96500015258789,28.360000610351562,26.635000228881836,27.334999084472656,27.334999084472656,138324400
2020-04-13,27.0,28.440000534057617,26.53499984741211,28.28499984741211,28.28499984741211,106740400
2020-04-14,30.024999618530273,32.20000076293945,29.69499969482422,31.954999923706055,31.954999923706055,122512400
2020-04-15,30.454999923706055,31.69499969482422,29.829999923706055,30.895000457763672,30.895000457763672,107922000
2020-04-16,31.905000686645508,33.03499984741211,30.975000381469727,32.54999923706055,32.54999923706055,140730000
2020-04-17,33.834999084472656,34.04999923706055,32.01499938964844,33.3650016784668,33.3650016784668,115891200
2020-04-20,32.595001220703125,33.755001068115234,32.22999954223633,32.28499984741211,32.28499984741211,96749600
2020-04-21,31.329999923706055,31.565000534057617,28.155000686645508,28.71500015258789,28.71500015258789,129872400
2020-04-22,30.514999389648438,31.829999923706055,30.155000686645508,31.2549991607666,31.2549991607666,68546400
2020-04-23,31.614999771118164,32.79499816894531,30.860000610351562,31.049999237060547,31.049999237060547,106217000
2020-04-24,31.270000457763672,32.70000076293945,30.604999542236328,32.54999923706055,32.54999923706055,79495400
2020-04-27,33.59000015258789,33.79499816894531,32.81999969482422,33.185001373291016,33.185001373291016,76185400
2020-04-28,34.11000061035156,34.1150016784668,31.30500030517578,31.389999389648438,31.389999389648438,96561800
2020-04-29,33.525001525878906,35.185001373291016,33.04499816894531,34.654998779296875,34.654998779296875,86526000
2020-04-30,35.20500183105469,35.23500061035156,33.974998474121094,34.8849983215332,34.8849983215332,95136200
2020-05-01,32.65999984741211,33.654998779296875,31.25,31.7549991607666,31.7549991607666,86561400
2020-05-04,31.270000457763672,32.96500015258789,31.03499984741211,32.875,32.875,50189000
2020-05-05,33.8650016784668,35.11000061035156,33.60499954223633,33.92499923706055,33.92499923706055,72178600
2020-05-06,34.77000045776367,35.564998626708984,34.19499969482422,34.595001220703125,34.595001220703125,77970200
2020-05-07,35.915000915527344,36.375,35.28499984741211,35.94499969482422,35.94499969482422,72372400
2020-05-08,36.775001525878906,37.474998474121094,36.2599983215332,37.39500045776367,37.39500045776367,65550600
2020-05-11,36.73500061035156,38.95000076293945,36.625,38.32500076293945,38.32500076293945,67346000
2020-05-12,38.73500061035156,39.064998626708984,36.01499938964844,36.04499816894531,36.04499816894531,84840800
2020-05-13,36.29499816894531,37.224998474121094,33.380001068115234,34.68000030517578,34.68000030517578,122779800
2020-05-14,34.02000045776367,35.845001220703125,33.05500030517578,35.83000183105469,35.83000183105469,100749800
2020-05-15,34.35499954223633,36.54999923706055,34.14500045776367,36.44499969482422,36.44499969482422,89451600
2020-05-18,38.0,39.099998474121094,37.61000061035156,38.55500030517578,38.55500030517578,74118600
2020-05-19,38.689998626708984,39.78499984741211,38.20000076293945,38.2599983215332,38.2599983215332,65357600
2020-05-20,39.60499954223633,40.755001068115234,39.60499954223633,40.5,40.5,71354000
2020-05-21,40.619998931884766,40.959999084472656,38.96500015258789,39.255001068115234,39.255001068115234,80673400
2020-05-22,39.04499816894531,39.744998931884766,38.525001525878906,39.61000061035156,39.61000061035156,52416200
2020-05-26,41.525001525878906,41.65999984741211,39.189998626708984,39.44499969482422,39.44499969482422,61300600
2020-05-27,39.05500030517578,40.02000045776367,36.689998626708984,40.0,40.0,86822800
2020-05-28,39.29999923706055,41.60499954223633,39.275001525878906,39.744998931884766,39.744998931884766,75998200
2020-05-29,40.02000045776367,41.65999984741211,39.15999984741211,41.3849983215332,41.3849983215332,89623200
2020-06-01,41.029998779296875,42.119998931884766,40.814998626708984,41.89500045776367,41.89500045776367,52470400
2020-06-02,42.119998931884766,42.775001525878906,40.81999969482422,42.72999954223633,42.72999954223633,62678600
2020-06-03,43.07500076293945,43.744998931884766,42.60499954223633,43.310001373291016,43.310001373291016,53758400
2020-06-04,43.1150016784668,43.939998626708984,41.68000030517578,42.43000030517578,42.43000030517578,66602200
2020-06-05,42.95000076293945,45.26499938964844,42.75,44.94499969482422,44.94499969482422,70348600
2020-06-08,44.79499816894531,46.040000915527344,43.95000076293945,45.94499969482422,45.94499969482422,54636200
2020-06-09,45.44499969482422,47.4900016784668,45.369998931884766,46.970001220703125,46.970001220703125,53294800
2020-06-10,47.97999954223633,49.61000061035156,47.689998626708984,48.665000915527344,48.665000915527344,75727800
2020-06-11,46.290000915527344,47.10499954223633,41.40999984741211,41.5,41.5,95833000
2020-06-12,44.14500045776367,44.82500076293945,40.21500015258789,42.400001525878906,42.400001525878906,102969200
2020-06-15,40.540000915527344,44.34000015258789,40.029998779296875,43.89500045776367,43.89500045776367,99546200
2020-06-16,46.69499969482422,47.060001373291016,44.154998779296875,46.21500015258789,46.21500015258789,95804400
2020-06-17,47.084999084472656,47.72999954223633,46.20000076293945,46.665000915527344,46.665000915527344,64714600
2020-06-18,46.470001220703125,47.18000030517578,46.02000045776367,47.025001525878906,47.025001525878906,53196400
2020-06-19,48.48500061035156,48.6150016784668,45.97999954223633,46.959999084472656,46.959999084472656,72487600
2020-06-22,46.95500183105469,48.775001525878906,46.755001068115234,48.630001068115234,48.630001068115234,55033400
2020-06-23,49.685001373291016,51.310001373291016,49.33000183105469,49.900001525878906,49.900001525878906,58724600
2020-06-24,49.45000076293945,50.23500061035156,45.92499923706055,46.959999084472656,46.959999084472656,98205400
2020-06-25,46.95500183105469,48.36000061035156,45.369998931884766,48.20500183105469,48.20500183105469,75425800
2020-06-26,48.0099983215332,48.150001525878906,44.45000076293945,44.7400016784668,44.7400016784668,93985200
2020-06-29,44.60499954223633,46.21500015258789,43.13999938964844,46.16999816894531,46.16999816894531,64902400
2020-06-30,46.15999984741211,49.2400016784668,46.064998626708984,48.82500076293945,48.82500076293945,62847200
2020-07-01,48.93000030517578,51.23500061035156,48.619998931884766,50.56999969482422,50.56999969482422,63034400
2020-07-02,52.14500045776367,52.935001373291016,51.369998931884766,51.64500045776367,51.64500045776367,57038000
2020-07-06,53.650001525878906,55.790000915527344,53.64500045776367,55.439998626708984,55.439998626708984,52996000
2020-07-07,55.275001525878906,57.08000183105469,54.119998931884766,54.349998474121094,54.349998474121094,61524800
2020-07-08,55.21500015258789,56.470001220703125,54.244998931884766,56.439998626708984,56.439998626708984,59982800
2020-07-09,57.70500183105469,58.334999084472656,54.93000030517578,57.849998474121094,57.849998474121094,79399000
2020-07-10,57.709999084472656,59.224998474121094,55.94499969482422,59.07500076293945,59.07500076293945,60697400
2020-07-13,61.025001525878906,62.974998474121094,54.845001220703125,55.42499923706055,55.42499923706055,93646200
2020-07-14,53.79499816894531,56.86000061035156,51.69499969482422,56.599998474121094,56.599998474121094,114937800
2020-07-15,57.43000030517578,58.11000061035156,54.69499969482422,56.880001068115234,56.880001068115234,91886000
2020-07-16,55.02000045776367,56.18000030517578,53.494998931884766,55.65999984741211,55.65999984741211,74993000
2020-07-17,56.08000183105469,56.52000045776367,54.5,55.91999816894531,55.91999816894531,57750800
2020-07-20,56.400001525878906,61.1150016784668,55.54499816894531,60.68000030517578,60.68000030517578,62905400
2020-07-21,61.79499816894531,61.834999084472656,58.20000076293945,58.7400016784668,58.7400016784668,73578400
2020-07-22,59.084999084472656,60.064998626708984,57.82500076293945,59.41999816894531,59.41999816894531,56947200
2020-07-23,59.154998779296875,59.619998931884766,53.78499984741211,54.76499938964844,54.76499938964844,84162200
2020-07-24,52.255001068115234,54.08000183105469,50.505001068115234,53.14500045776367,53.14500045776367,89304600
2020-07-27,54.29499816894531,56.275001525878906,53.7400016784668,56.0,56.0,66906000
2020-07-28,55.540000915527344,55.85499954223633,53.685001373291016,53.89500045776367,53.89500045776367,59675600
2020-07-29,54.845001220703125,56.30500030517578,54.57500076293945,55.72999954223633,55.72999954223633,48570200
2020-07-30,54.45000076293945,56.98500061035156,53.68000030517578,56.6349983215332,56.6349983215332,75550000
2020-07-31,59.65999984741211,59.75,56.439998626708984,59.689998626708984,59.689998626708984,89953800
2020-08-03,61.125,62.564998626708984,61.029998779296875,61.915000915527344,61.915000915527344,54467000
2020-08-04,61.65999984741211,62.810001373291016,61.16999816894531,62.720001220703125,62.720001220703125,52752000
2020-08-05,63.07500076293945,63.53499984741211,62.45500183105469,63.220001220703125,63.220001220703125,40595400
2020-08-06,63.05500030517578,65.96499633789062,62.61000061035156,65.63999938964844,65.63999938964844,48016000
2020-08-07,65.30999755859375,65.91000366210938,61.845001220703125,63.494998931884766,63.494998931884766,74177000
2020-08-10,63.6349983215332,63.80500030517578,60.084999084472656,62.63999938964844,62.63999938964844,63577800
2020-08-11,61.779998779296875,62.724998474121094,58.69499969482422,59.084999084472656,59.084999084472656,77568400
2020-08-12,60.54999923706055,64.18000030517578,60.54999923706055,63.505001068115234,63.505001068115234,55311800
2020-08-13,64.04000091552734,65.58999633789062,63.26499938964844,63.95000076293945,63.95000076293945,58570400
2020-08-14,64.33000183105469,64.59500122070312,62.70500183105469,63.76499938964844,63.76499938964844,49934400
2020-08-17,64.93499755859375,66.18000030517578,64.83000183105469,65.87000274658203,65.87000274658203,31666200
2020-08-18,66.71499633789062,68.19999694824219,65.6449966430664,67.80500030517578,67.80500030517578,37328400
2020-08-19,67.79499816894531,68.6050033569336,66.1449966430664,66.4800033569336,66.4800033569336,51461800
2020-08-20,65.875,69.59500122070312,65.58499908447266,69.21499633789062,69.21499633789062,38193600
2020-08-21,69.33000183105469,71.00499725341797,68.8949966430664,70.66000366210938,70.66000366210938,41070000
2020-08-24,73.1050033569336,73.77999877929688,70.22000122070312,71.97000122070312,71.97000122070312,62846000
2020-08-25,71.41500091552734,73.7249984741211,71.03500366210938,73.6500015258789,73.6500015258789,43139200
2020-08-26,74.63500213623047,78.5250015258789,74.54000091552734,78.36499786376953,78.36499786376953,54915800
2020-08-27,79.29000091552734,79.93499755859375,75.79000091552734,77.65499877929688,77.65499877929688,75650600
2020-08-28,78.6449966430664,79.36499786376953,77.57499694824219,78.8550033569336,78.8550033569336,49536400
2020-08-31,79.2699966430664,82.2699966430664,78.91000366210938,80.68000030517578,80.68000030517578,45099600
2020-09-01,82.95999908447266,84.98500061035156,81.4749984741211,84.87000274658203,84.87000274658203,48286800
2020-09-02,87.73999786376953,87.83499908447266,82.33499908447266,87.26499938964844,87.26499938964844,72342400
2020-09-03,83.36499786376953,83.69999694824219,71.41000366210938,73.86499786376953,73.86499786376953,110756200
2020-09-04,72.69000244140625,75.1500015258789,61.93000030517578,70.81999969482422,70.81999969482422,140370200
2020-09-08,62.474998474121094,66.98500061035156,60.529998779296875,60.810001373291016,60.810001373291016,106706200
2020-09-09,64.51499938964844,67.5999984741211,62.834999084472656,66.03500366210938,66.03500366210938,72588000
2020-09-10,68.26000213623047,69.19499969482422,60.869998931884766,62.21500015258789,62.21500015258789,116484200
2020-09-11,63.5,64.09500122070312,58.404998779296875,60.85499954223633,60.85499954223633,96449400
2020-09-14,63.5,65.40499877929688,62.540000915527344,63.9900016784668,63.9900016784668,67258200
2020-09-15,66.66500091552734,67.70999908447266,65.4800033569336,66.70999908447266,66.70999908447266,75222400
2020-09-16,67.26499938964844,67.66000366210938,63.29499816894531,63.505001068115234,63.505001068115234,76535400
2020-09-17,58.60499954223633,61.97999954223633,58.025001525878906,60.58000183105469,60.58000183105469,111711200
2020-09-18,61.43000030517578,61.724998474121094,55.380001068115234,58.2400016784668,58.2400016784668,115760600
2020-09-21,55.6150016784668,58.974998474121094,54.04999923706055,58.93000030517578,58.93000030517578,93828600
2020-09-22,60.599998474121094,62.564998626708984,58.22999954223633,62.150001525878906,62.150001525878906,78766600
2020-09-23,61.92499923706055,62.07500076293945,55.85499954223633,56.39500045776367,56.39500045776367,101376800
2020-09-24,54.845001220703125,59.35499954223633,54.584999084472656,57.220001220703125,57.220001220703125,93759000
2020-09-25,57.53499984741211,61.779998779296875,56.525001525878906,61.22999954223633,61.22999954223633,81119600
2020-09-28,64.6449966430664,65.0,62.78499984741211,64.86000061035156,64.86000061035156,68332800
2020-09-29,64.73999786376953,65.41999816894531,63.76499938964844,64.18000030517578,64.18000030517578,55451400
2020-09-30,64.29499816894531,67.76000213623047,64.125,65.44999694824219,65.44999694824219,84692000
2020-10-01,68.28500366210938,69.03500366210938,66.88999938964844,68.51499938964844,68.51499938964844,69669000
2020-10-02,64.05999755859375,66.81500244140625,62.165000915527344,62.8650016784668,62.8650016784668,99888400
2020-10-05,64.23500061035156,67.05000305175781,64.125,66.83000183105469,66.83000183105469,52697600
2020-10-06,66.19499969482422,67.55999755859375,62.57500076293945,63.2400016784668,63.2400016784668,86412200
2020-10-07,65.08499908447266,67.05500030517578,64.69000244140625,66.56500244140625,66.56500244140625,56272200
2020-10-08,68.2249984741211,68.30500030517578,66.7699966430664,67.54499816894531,67.54499816894531,49473400
2020-10-09,68.7699966430664,70.69499969482422,68.4800033569336,70.55000305175781,70.55000305175781,48817800
2020-10-12,74.19999694824219,79.36499786376953,73.43000030517578,77.12999725341797,77.12999725341797,73529200
2020-10-13,78.5999984741211,79.16500091552734,76.07499694824219,77.13999938964844,77.13999938964844,70965400
2020-10-14,77.83000183105469,78.5999984741211,73.82499694824219,75.23500061035156,75.23500061035156,74147400
2020-10-15,71.51000213623047,74.19499969482422,70.97000122070312,73.68000030517578,73.68000030517578,62269200
2020-10-16,75.03500366210938,76.13500213623047,72.25,72.55000305175781,72.55000305175781,57024200
2020-10-19,74.0199966430664,74.75499725341797,68.18000030517578,68.94499969482422,68.94499969482422,69388800
2020-10-20,69.48999786376953,71.69999694824219,68.29499816894531,69.38999938964844,69.38999938964844,68677600
2020-10-21,69.54499816894531,71.50499725341797,68.86000061035156,69.20999908447266,69.20999908447266,60643200
2020-10-22,69.8499984741211,70.5,66.73500061035156,69.24500274658203,69.24500274658203,59790800
2020-10-23,69.70500183105469,69.71499633789062,67.44499969482422,69.6500015258789,69.6500015258789,47772000
2020-10-26,67.88500213623047,69.98999786376953,63.744998931884766,66.4749984741211,66.4749984741211,79278400
2020-10-27,67.13500213623047,68.5999984741211,66.26000213623047,68.04499816894531,68.04499816894531,55965000
2020-10-28,64.70999908447266,65.12000274658203,59.900001525878906,60.060001373291016,60.060001373291016,92360000
2020-10-29,60.970001220703125,65.2300033569336,60.619998931884766,63.1150016784668,63.1150016784668,69093600
2020-10-30,61.775001525878906,62.3650016784668,56.775001525878906,58.724998474121094,58.724998474121094,115405600
2020-11-02,59.89500045776367,61.04499816894531,56.80500030517578,58.744998931884766,58.744998931884766,75568000
2020-11-03,59.9900016784668,63.20500183105469,59.29999923706055,61.70000076293945,61.70000076293945,67484600
2020-11-04,67.79499816894531,71.31999969482422,66.66000366210938,70.04000091552734,70.04000091552734,84593800
2020-11-05,74.83000183105469,76.2750015258789,73.79499816894531,75.44499969482422,75.44499969482422,75066200
2020-11-06,74.93499755859375,76.28500366210938,72.02999877929688,75.69999694824219,75.69999694824219,67575600
2020-11-09,77.83999633789062,79.19000244140625,70.73999786376953,71.08000183105469,71.08000183105469,82932800
2020-11-10,68.56999969482422,69.625,65.17500305175781,67.24500274658203,67.24500274658203,84333400
2020-11-11,69.03500366210938,72.09500122070312,68.73999786376953,71.76499938964844,71.76499938964844,63415400
2020-11-12,72.42500305175781,73.45999908447266,69.86000061035156,70.71499633789062,70.71499633789062,71671800
2020-11-13,71.88999938964844,73.04000091552734,70.33000183105469,72.56999969482422,72.56999969482422,52373800
2020-11-16,72.375,74.50499725341797,71.87000274658203,74.23999786376953,74.23999786376953,53437200
2020-11-17,74.4000015258789,74.68000030517578,73.06500244140625,73.55500030517578,73.55500030517578,45676000
2020-11-18,73.12999725341797,74.375,71.8499984741211,71.8499984741211,71.8499984741211,38585400
2020-11-19,71.45500183105469,73.84500122070312,70.9800033569336,73.62999725341797,73.62999725341797,39835400
2020-11-20,73.5250015258789,74.13500213623047,72.05999755859375,72.13500213623047,72.13500213623047,32498400
2020-11-23,72.91000366210938,73.87000274658203,70.37999725341797,72.1500015258789,72.1500015258789,44765200
2020-11-24,72.91000366210938,75.51499938964844,71.53500366210938,75.0999984741211,75.0999984741211,39003800
2020-11-25,75.86000061035156,77.00499725341797,75.2249984741211,76.51499938964844,76.51499938964844,32169400
2020-11-27,78.0199966430664,79.53500366210938,77.76499938964844,78.6050033569336,78.6050033569336,23231800
2020-11-30,78.86000061035156,79.38999938964844,75.29000091552734,79.01000213623047,79.01000213623047,46155600
2020-12-01,80.8949966430664,83.4749984741211,80.05000305175781,82.11499786376953,82.11499786376953,42497400
2020-12-02,81.1050033569336,82.72000122070312,79.58999633789062,82.44499969482422,82.44499969482422,36532400
2020-12-03,82.6449966430664,84.09500122070312,82.17500305175781,82.77999877929688,82.77999877929688,39365400
2020-12-04,82.80000305175781,83.91999816894531,82.25499725341797,83.79499816894531,83.79499816894531,31772000
2020-12-07,83.94999694824219,85.51000213623047,83.80000305175781,85.21499633789062,85.21499633789062,31007000
2020-12-08,84.82499694824219,86.33999633789062,83.30500030517578,85.99500274658203,85.99500274658203,33481400
2020-12-09,85.91999816894531,86.12999725341797,79.30999755859375,80.23500061035156,80.23500061035156,61219600
2020-12-10,78.5199966430664,82.13500213623047,77.62999725341797,81.22000122070312,81.22000122070312,43336600
2020-12-11,79.82499694824219,80.76499938964844,77.94999694824219,80.6500015258789,80.6500015258789,42454800
2020-12-14,81.61499786376953,84.0250015258789,81.58499908447266,82.37000274658203,82.37000274658203,36671200
2020-12-15,84.29000091552734,85.00499725341797,82.45999908447266,84.93000030517578,84.93000030517578,39354400
2020-12-16,85.38500213623047,87.125,84.48999786376953,86.3550033569336,86.3550033569336,34397600
2020-12-17,87.82499694824219,88.33999633789062,86.79499816894531,88.125,88.125,34818800
2020-12-18,88.77999877929688,88.95500183105469,85.26499938964844,87.16500091552734,87.16500091552734,42189000
2020-12-21,84.78500366210938,87.30999755859375,82.33999633789062,86.83999633789062,86.83999633789062,50899200
2020-12-22,87.6500015258789,88.3550033569336,85.08999633789062,87.5250015258789,87.5250015258789,40082600
2020-12-23,87.5199966430664,87.87999725341797,86.08999633789062,86.20500183105469,86.20500183105469,29858600
2020-12-24,86.45500183105469,87.72000122070312,86.36000061035156,87.32499694824219,87.32499694824219,19266400
2020-12-28,89.58000183105469,90.37999725341797,88.01499938964844,89.94499969482422,89.94499969482422,29263200
2020-12-29,91.17500305175781,91.69999694824219,89.40499877929688,90.20999908447266,90.20999908447266,30285600
2020-12-30,91.2249984741211,91.5,89.63500213623047,90.19499969482422,90.19499969482422,26201800
2020-12-31,90.13500213623047,91.23999786376953,89.16500091552734,90.9000015258789,90.9000015258789,26677000
2021-01-04,92.04000091552734,92.19499969482422,83.41500091552734,86.92500305175781,86.92500305175781,49368000
2021-01-05,86.13999938964844,89.27999877929688,86.13999938964844,89.1050033569336,89.1050033569336,29678200
2021-01-06,84.94999694824219,89.16999816894531,84.11000061035156,85.41999816894531,85.41999816894531,52682600
2021-01-07,87.68499755859375,92.32499694824219,87.67500305175781,91.58999633789062,91.58999633789062,30923800
2021-01-08,93.65499877929688,95.44000244140625,91.69999694824219,95.13999938964844,95.13999938964844,38203800
2021-01-11,92.40499877929688,93.47000122070312,90.40499877929688,90.93499755859375,90.93499755859375,35081400
2021-01-12,91.05999755859375,92.00499725341797,88.19999694824219,90.54000091552734,90.54000091552734,36507800
2021-01-13,90.78500366210938,93.09500122070312,90.25,92.30000305175781,92.30000305175781,27187600
2021-01-14,92.75,93.66999816894531,90.4800033569336,90.8949966430664,90.8949966430664,29559000
2021-01-15,90.70500183105469,91.56500244140625,87.54000091552734,88.68499755859375,88.68499755859375,35423000
2021-01-19,90.7249984741211,93.03500366210938,89.80000305175781,92.52999877929688,92.52999877929688,30241800
2021-01-20,95.8550033569336,99.88500213623047,95.52999877929688,98.9800033569336,98.9800033569336,30434000
2021-01-21,100.25,102.13999938964844,99.0,101.44000244140625,101.44000244140625,23042100
2021-01-22,100.41000366210938,101.5199966430664,99.87999725341797,100.5199966430664,100.5199966430664,20469700
2021-01-25,103.76000213623047,105.06999969482422,96.80000305175781,103.30999755859375,103.30999755859375,38292600
2021-01-26,103.72000122070312,104.58000183105469,102.18000030517578,103.41999816894531,103.41999816894531,22742200
2021-01-27,101.26000213623047,101.30000305175781,93.0,95.08000183105469,95.08000183105469,47225200
2021-01-28,95.88999938964844,101.0,95.3499984741211,96.4800033569336,96.4800033569336,22505400
2021-01-29,94.9000015258789,95.91999816894531,88.75,90.47000122070312,90.47000122070312,46069600
2021-02-01,93.55000305175781,98.02999877929688,91.73999786376953,97.12000274658203,97.12000274658203,26414900
2021-02-02,99.88999938964844,102.95999908447266,99.76000213623047,101.81999969482422,101.81999969482422,23186600
2021-02-03,103.93000030517578,104.2300033569336,100.6500015258789,100.6500015258789,100.6500015258789,23793000
2021-02-04,102.04000091552734,104.30000305175781,100.75,104.20999908447266,104.20999908447266,18202200
2021-02-05,105.19999694824219,106.29000091552734,103.56999969482422,105.30000305175781,105.30000305175781,21653800
2021-02-08,106.95999908447266,107.55000305175781,105.3499984741211,107.36000061035156,107.36000061035156,19248700
2021-02-09,106.4800033569336,108.56999969482422,106.4800033569336,107.30999755859375,107.30999755859375,16442200
2021-02-10,108.77999877929688,109.19999694824219,103.45999908447266,106.55000305175781,106.55000305175781,30887000
2021-02-11,108.16000366210938,108.73999786376953,105.95999908447266,108.2699966430664,108.2699966430664,24715000
2021-02-12,107.58000183105469,110.30000305175781,106.44000244140625,110.11000061035156,110.11000061035156,19367900
2021-02-16,110.95999908447266,111.86000061035156,108.08000183105469,109.19000244140625,109.19000244140625,22165900
2021-02-17,106.2300033569336,107.94000244140625,104.01000213623047,107.66999816894531,107.66999816894531,26496700
2021-02-18,104.05999755859375,106.95999908447266,102.27999877929688,106.22000122070312,106.22000122070312,27550500
2021-02-19,107.63999938964844,107.68000030517578,103.86000061035156,104.81999969482422,104.81999969482422,23344300
2021-02-22,100.54000091552734,101.80000305175781,96.5,96.69999694824219,96.69999694824219,33183700
2021-02-23,91.77999877929688,97.36000061035156,86.41999816894531,95.83999633789062,95.83999633789062,49818700
2021-02-24,93.23999786376953,98.47000122070312,90.9000015258789,98.1500015258789,98.1500015258789,30760500
2021-02-25,95.62000274658203,98.06999969482422,86.44999694824219,87.9000015258789,87.9000015258789,59448000
2021-02-26,90.38999938964844,93.16000366210938,86.25,89.22000122070312,89.22000122070312,52329600
2021-03-01,93.36000061035156,97.30999755859375,92.19000244140625,97.0,97.0,33426800
2021-03-02,97.54000091552734,97.69000244140625,92.0999984741211,92.3499984741211,92.3499984741211,37923300
2021-03-03,91.37000274658203,92.19999694824219,84.25,84.33999633789062,84.33999633789062,57885600
2021-03-04,83.97000122070312,86.63999938964844,76.87999725341797,80.16999816894531,80.16999816894531,108009300
2021-03-05,82.29000091552734,84.47000122070312,75.02999877929688,83.76000213623047,83.76000213623047,84164100
2021-03-08,83.27999877929688,84.8499984741211,76.2699966430664,76.5999984741211,76.5999984741211,58932900
2021-03-09,82.47000122070312,87.1500015258789,81.93000030517578,85.62000274658203,85.62000274658203,43357300
2021-03-10,89.26000213623047,89.5,84.30999755859375,84.88999938964844,84.88999938964844,50842800
2021-03-11,89.0199966430664,92.26000213623047,88.13999938964844,90.77999877929688,90.77999877929688,39733900
2021-03-12,87.16999816894531,88.66999816894531,85.06999969482422,88.5199966430664,88.5199966430664,41647500
2021-03-15,88.80999755859375,91.51000213623047,87.37999725341797,91.3499984741211,91.3499984741211,31675400
2021-03-16,93.33999633789062,95.98999786376953,91.5999984741211,92.8499984741211,92.8499984741211,42192600
2021-03-17,90.12000274658203,95.7300033569336,88.61000061035156,94.0199966430664,94.0199966430664,49092700
2021-03-18,89.61000061035156,90.5,84.94999694824219,85.38999938964844,85.38999938964844,57063400
2021-03-19,85.25,87.55000305175781,83.4000015258789,86.4800033569336,86.4800033569336,48321600
2021-03-22,88.29000091552734,92.87000274658203,88.29000091552734,91.08999633789062,91.08999633789062,35275300
2021-03-23,92.05000305175781,93.2300033569336,89.16999816894531,89.9000015258789,89.9000015258789,46945200
2021-03-24,91.08999633789062,91.12000274658203,85.25,85.36000061035156,85.36000061035156,47620900
2021-03-25,83.81999969482422,86.18000030517578,81.6500015258789,84.9000015258789,84.9000015258789,59968600
2021-03-26,84.72000122070312,88.97000122070312,83.52999877929688,88.6500015258789,88.6500015258789,53765100
2021-03-29,88.23999786376953,89.54000091552734,85.72000122070312,88.5999984741211,88.5999984741211,47647300
2021-03-30,86.94999694824219,87.79000091552734,84.95999908447266,87.33999633789062,87.33999633789062,37087400
2021-03-31,88.79000091552734,92.5999984741211,88.51000213623047,91.26000213623047,91.26000213623047,40492200
2021-04-01,94.63999938964844,96.02999877929688,94.41999816894531,95.9000015258789,95.9000015258789,36271800
2021-04-05,98.20999908447266,102.37999725341797,97.97000122070312,101.66000366210938,101.66000366210938,32634900
2021-04-06,101.36000061035156,103.27999877929688,100.70999908447266,101.41999816894531,101.41999816894531,30151700
2021-04-07,101.02999877929688,102.9800033569336,100.0999984741211,102.16999816894531,102.16999816894531,24746800
2021-04-08,104.91999816894531,105.54000091552734,104.0999984741211,105.36000061035156,105.36000061035156,28404800
2021-04-09,104.0199966430664,107.45999908447266,103.31999969482422,107.2699966430664,107.2699966430664,32359600
2021-04-12,106.30000305175781,107.23999786376953,104.9800033569336,106.8499984741211,106.8499984741211,27408000
2021-04-13,108.37999725341797,111.0,108.12000274658203,110.51000213623047,110.51000213623047,28755500
2021-04-14,110.79000091552734,110.93000030517578,105.76000213623047,106.62999725341797,106.62999725341797,40306900
2021-04-15,109.37000274658203,111.7699966430664,109.23999786376953,111.33999633789062,111.33999633789062,30199500
2021-04-16,111.91000366210938,111.98999786376953,109.9000015258789,111.80999755859375,111.80999755859375,29372000
2021-04-19,110.1500015258789,111.37000274658203,106.75,108.76000213623047,108.76000213623047,39792000
2021-04-20,108.05000305175781,109.31999969482422,104.38999938964844,106.37999725341797,106.37999725341797,39570900
2021-04-21,105.0,109.2300033569336,104.0199966430664,109.06999969482422,109.06999969482422,27764300
2021-04-22,108.66999816894531,109.62999725341797,103.94000244140625,105.0999984741211,105.0999984741211,43712100
2021-04-23,105.72000122070312,110.31999969482422,105.72000122070312,109.05999755859375,109.05999755859375,26921500
2021-04-26,109.30999755859375,111.47000122070312,108.55000305175781,111.22000122070312,111.22000122070312,24994200
2021-04-27,111.47000122070312,111.66999816894531,108.7699966430664,109.76000213623047,109.76000213623047,29828200
2021-04-28,109.38999938964844,110.4000015258789,107.97000122070312,108.62999725341797,108.62999725341797,29737500
2021-04-29,111.86000061035156,112.2300033569336,106.58000183105469,109.72000122070312,109.72000122070312,37031100
2021-04-30,107.29000091552734,109.80000305175781,106.69000244140625,107.66000366210938,107.66000366210938,29610100
2021-05-03,108.76000213623047,109.48999786376953,105.43000030517578,105.9000015258789,105.9000015258789,33555500
2021-05-04,103.44999694824219,103.69000244140625,96.44999694824219,100.31999969482422,100.31999969482422,52808500
2021-05-05,102.04000091552734,102.8499984741211,98.4000015258789,99.1500015258789,99.1500015258789,34107300
2021-05-06,98.87000274658203,101.4800033569336,96.79000091552734,101.31999969482422,101.31999969482422,42415800
2021-05-07,103.97000122070312,106.08000183105469,102.7699966430664,103.80000305175781,103.80000305175781,39676700
2021-05-10,102.48999786376953,102.66000366210938,95.76000213623047,96.0,96.0,46053700
2021-05-11,90.58999633789062,96.23999786376953,90.0,95.5199966430664,95.5199966430664,57201700
2021-05-12,91.0199966430664,93.1500015258789,87.31999969482422,88.25,88.25,59039500
2021-05-13,90.5999984741211,92.66999816894531,88.06999969482422,90.11000061035156,90.11000061035156,52150500
2021-05-14,92.87999725341797,96.88999938964844,92.41999816894531,95.97000122070312,95.97000122070312,36065800
2021-05-17,94.51000213623047,95.16000366210938,91.7300033569336,94.3499984741211,94.3499984741211,34635600
2021-05-18,95.20999908447266,96.27999877929688,92.19000244140625,92.37000274658203,92.37000274658203,32921000
2021-05-19,87.6500015258789,92.98999786376953,87.33000183105469,92.70999908447266,92.70999908447266,47972400
2021-05-20,94.06999969482422,98.86000061035156,93.83000183105469,98.06999969482422,98.06999969482422,34806600
2021-05-21,99.54000091552734,99.93000030517578,96.11000061035156,96.44999694824219,96.44999694824219,32033300
2021-05-24,98.55000305175781,102.33999633789062,98.22000122070312,101.27999877929688,101.27999877929688,23045400
2021-05-25,102.75,103.44000244140625,100.62999725341797,101.7699966430664,101.7699966430664,26682200
2021-05-26,102.36000061035156,103.23999786376953,101.72000122070312,102.80000305175781,102.80000305175781,19508700
2021-05-27,102.37000274658203,103.16000366210938,101.44000244140625,101.5999984741211,101.5999984741211,20804200
2021-05-28,102.77999877929688,104.0999984741211,102.30000305175781,102.58999633789062,102.58999633789062,20464300
2021-06-01,103.8499984741211,104.30000305175781,100.29000091552734,101.58999633789062,101.58999633789062,25965900
2021-06-02,101.94999694824219,102.97000122070312,100.52999877929688,102.12000274658203,102.12000274658203,20794700
2021-06-03,99.48999786376953,100.66999816894531,97.37999725341797,98.91000366210938,98.91000366210938,30258000
2021-06-04,100.62999725341797,104.38999938964844,100.52999877929688,103.9800033569336,103.9800033569336,22793800
2021-06-07,103.43000030517578,104.97000122070312,102.80999755859375,104.9000015258789,104.9000015258789,15548300
2021-06-08,106.58000183105469,107.41999816894531,103.43000030517578,105.0199966430664,105.0199966430664,23236100
2021-06-09,106.36000061035156,107.12000274658203,104.93000030517578,105.13999938964844,105.13999938964844,19450900
2021-06-10,105.43000030517578,108.5,105.0,108.36000061035156,108.36000061035156,29301700
2021-06-11,108.41999816894531,109.23999786376953,107.76000213623047,109.22000122070312,109.22000122070312,17084700
2021-06-14,109.63999938964844,112.37000274658203,108.5,112.27999877929688,112.27999877929688,22705800
2021-06-15,112.0199966430664,112.33999633789062,109.45999908447266,110.19999694824219,110.19999694824219,22527000
2021-06-16,110.62000274658203,111.66999816894531,105.5199966430664,109.0199966430664,109.0199966430664,39444500
2021-06-17,107.95999908447266,114.08000183105469,107.93000030517578,113.08999633789062,113.08999633789062,36080900
2021-06-18,111.41000366210938,112.58000183105469,109.68000030517578,110.38999938964844,110.38999938964844,35723600
2021-06-21,110.62999725341797,112.80000305175781,108.38999938964844,112.41000366210938,112.41000366210938,26927100
2021-06-22,112.30999755859375,116.05000305175781,111.97000122070312,115.55000305175781,115.55000305175781,25894700
2021-06-23,115.56999969482422,116.95999908447266,114.93000030517578,115.75,115.75,23499200
2021-06-24,117.73999786376953,119.48999786376953,117.19000244140625,117.87999725341797,117.87999725341797,23418100
2021-06-25,118.48999786376953,118.75,116.8499984741211,117.51000213623047,117.51000213623047,21748300
2021-06-28,118.7699966430664,121.87999725341797,118.73999786376953,121.66999816894531,121.66999816894531,22196900
2021-06-29,121.55999755859375,123.08000183105469,120.66999816894531,123.04000091552734,123.04000091552734,18640000
2021-06-30,122.88999938964844,123.30000305175781,121.8499984741211,122.5,122.5,20136700
2021-07-01,122.08000183105469,123.13999938964844,120.6500015258789,122.55999755859375,122.55999755859375,20958700
2021-07-02,124.63999938964844,127.1500015258789,124.37999725341797,126.72000122070312,126.72000122070312,23375500
2021-07-06,127.44999694824219,128.75999450683594,124.5,128.4199981689453,128.4199981689453,27399900
2021-07-07,130.89999389648438,131.22000122070312,127.0999984741211,129.24000549316406,129.24000549316406,28818900
2021-07-08,123.69000244140625,127.86000061035156,122.23999786376953,127.0,127.0,38131100
2021-07-09,126.27999877929688,129.8000030517578,125.62999725341797,129.14999389648438,129.14999389648438,23218900
2021-07-12,130.8000030517578,131.2899932861328,129.05999755859375,130.77000427246094,130.77000427246094,21781500
2021-07-13,130.3800048828125,134.07000732421875,129.80999755859375,130.6999969482422,130.6999969482422,29862500
2021-07-14,133.36000061035156,134.0800018310547,130.5500030517578,131.41000366210938,131.41000366210938,34010700
2021-07-15,131.41000366210938,131.5800018310547,126.45999908447266,128.69000244140625,128.69000244140625,34298200
2021-07-16,129.66000366210938,130.7100067138672,125.16999816894531,125.52999877929688,125.52999877929688,31850700
2021-07-19,121.80999755859375,123.0,119.66999816894531,122.5199966430664,122.5199966430664,50571600
2021-07-20,123.44000244140625,128.3000030517578,121.55000305175781,126.55999755859375,126.55999755859375,30386200
2021-07-21,126.30999755859375,129.58999633789062,126.0,129.4499969482422,129.4499969482422,20440800
2021-07-22,129.85000610351562,132.1999969482422,129.83999633789062,132.1699981689453,132.1699981689453,23739400
2021-07-23,133.6999969482422,137.11000061035156,132.2899932861328,136.55999755859375,136.55999755859375,25974600
2021-07-26,136.02000427246094,137.57000732421875,135.0399932861328,137.1300048828125,137.1300048828125,21494400
2021-07-27,136.8300018310547,136.8300018310547,127.83000183105469,132.64999389648438,132.64999389648438,44695500
2021-07-28,133.86000061035156,135.86000061035156,131.27000427246094,134.10000610351562,134.10000610351562,35985100
2021-07-29,133.47999572753906,136.1199951171875,133.47000122070312,134.75999450683594,134.75999450683594,22159600
2021-07-30,130.35000610351562,133.35000610351562,130.27000427246094,132.74000549316406,132.74000549316406,28255200
2021-08-02,134.5399932861328,135.19000244140625,132.02000427246094,132.6999969482422,132.6999969482422,27280000
2021-08-03,133.44000244140625,135.1999969482422,129.85000610351562,135.00999450683594,135.00999450683594,31708900
2021-08-04,135.08999633789062,136.75999450683594,133.8000030517578,135.67999267578125,135.67999267578125,24214200
2021-08-05,136.55999755859375,138.47999572753906,135.8000030517578,138.22999572753906,138.22999572753906,19335100
2021-08-06,136.7899932861328,137.92999267578125,135.16000366210938,136.42999267578125,136.42999267578125,21533500
2021-08-09,136.91000366210938,137.77999877929688,135.67999267578125,137.16000366210938,137.16000366210938,17105400
2021-08-10,137.77000427246094,138.11000061035156,133.72000122070312,135.11000061035156,135.11000061035156,26540600
2021-08-11,136.5,137.0500030517578,132.83999633789062,134.3800048828125,134.3800048828125,23297000
2021-08-12,133.80999755859375,136.1999969482422,132.24000549316406,135.77999877929688,135.77999877929688,19872700
2021-08-13,136.17999267578125,137.61000061035156,135.6300048828125,137.13999938964844,137.13999938964844,18300500
2021-08-16,135.94000244140625,137.42999267578125,131.5,137.3800048828125,137.3800048828125,30614600
2021-08-17,134.2100067138672,135.35000610351562,130.97000122070312,133.77000427246094,133.77000427246094,41598800
2021-08-18,133.10000610351562,134.72000122070312,129.50999450683594,129.8800048828125,129.8800048828125,32521200
2021-08-19,127.73999786376953,133.60000610351562,127.44999694824219,131.72999572753906,131.72999572753906,40811900
2021-08-20,132.9499969482422,136.27000427246094,132.5800018310547,135.8000030517578,135.8000030517578,31251300
2021-08-23,137.02999877929688,142.6999969482422,137.0,141.85000610351562,141.85000610351562,24133100
2021-08-24,142.61000061035156,143.94000244140625,142.07000732421875,143.25,143.25,18171700
2021-08-25,143.49000549316406,144.39999389648438,142.6300048828125,143.41000366210938,143.41000366210938,19031800
2021-08-26,142.6699981689453,143.50999450683594,140.44000244140625,140.97999572753906,140.97999572753906,26751200
2021-08-27,141.69000244140625,145.60000610351562,141.13999938964844,145.10000610351562,145.10000610351562,23058900
2021-08-30,146.0,150.52000427246094,145.9499969482422,149.91000366210938,149.91000366210938,22817600
2021-08-31,150.22000122070312,150.3000030517578,147.69000244140625,149.49000549316406,149.49000549316406,22949000
2021-09-01,150.8300018310547,152.82000732421875,150.07000732421875,150.30999755859375,150.30999755859375,23892000
2021-09-02,151.9499969482422,152.33999633789062,148.60000610351562,150.10000610351562,150.10000610351562,23759600
2021-09-03,148.6999969482422,151.94000244140625,148.66000366210938,151.4499969482422,151.4499969482422,23300300
2021-09-07,151.5500030517578,152.8800048828125,150.16000366210938,152.07000732421875,152.07000732421875,22592700
2021-09-08,151.80999755859375,151.85000610351562,147.7100067138672,150.50999450683594,150.50999450683594,31711500
2021-09-09,150.72999572753906,152.10000610351562,148.58999633789062,148.89999389648438,148.89999389648438,27643400
2021-09-10,151.0,151.85000610351562,145.11000061035156,145.5500030517578,145.5500030517578,34557000
2021-09-13,148.2899932861328,148.77999877929688,142.75999450683594,145.22000122070312,145.22000122070312,38887300
2021-09-14,146.9499969482422,147.86000061035156,142.82000732421875,143.97000122070312,143.97000122070312,29814600
2021-09-15,144.49000549316406,147.55999755859375,141.75999450683594,147.16000366210938,147.16000366210938,27946300
2021-09-16,145.5500030517578,148.1300048828125,143.24000549316406,147.4499969482422,147.4499969482422,26307700
2021-09-17,146.89999389648438,146.92999267578125,140.9600067138672,142.24000549316406,142.24000549316406,38662600
2021-09-20,135.4199981689453,137.4600067138672,128.0,133.49000549316406,133.49000549316406,60956800
2021-09-21,135.3800048828125,136.75,132.58999633789062,133.66000366210938,133.66000366210938,35850300
2021-09-22,134.86000061035156,139.22999572753906,133.61000061035156,137.57000732421875,137.57000732421875,43834700
2021-09-23,138.91000366210938,142.57000732421875,138.1699981689453,141.38999938964844,141.38999938964844,34684800
2021-09-24,138.72000122070312,142.25,138.3000030517578,141.7899932861328,141.7899932861328,27387600
2021-09-27,138.2100067138672,139.39999389648438,135.39999389648438,138.3699951171875,138.3699951171875,39177700
2021-09-28,133.13999938964844,133.88999938964844,126.06999969482422,126.83000183105469,126.83000183105469,74411500
2021-09-29,127.95999908447266,130.2899932861328,125.30000305175781,125.98999786376953,125.98999786376953,48765300
